trial,genHashMs,submitMs,confirmMs,totalMs,txHash
0,30.2,420.5,4380.3,4831.0,0xaaaa00000000000000000000000000000000000000000000000000000000000a
1,28.5,395.8,4520.2,4944.5,0xaaaa00000000000000000000000000000000000000000000000000000000000b
2,33.7,410.1,4420.8,4864.6,0xaaaa00000000000000000000000000000000000000000000000000000000000c
3,29.1,380.4,4350.5,4760.0,0xaaaa00000000000000000000000000000000000000000000000000000000000d
4,32.0,445.7,4480.9,4958.6,0xaaaa00000000000000000000000000000000000000000000000000000000000e
5,31.5,402.3,4515.0,4948.8,0xaaaa00000000000000000000000000000000000000000000000000000000000f
6,34.2,398.6,4400.4,4833.2,0xaaaa000000000000000000000000000000000000000000000000000000000010
7,30.8,420.0,4485.1,4935.9,0xaaaa000000000000000000000000000000000000000000000000000000000011
8,35.4,460.5,4380.6,4876.5,0xaaaa000000000000000000000000000000000000000000000000000000000012
9,29.7,385.2,4500.3,4915.2,0xaaaa000000000000000000000000000000000000000000000000000000000013
10,33.1,420.8,4400.0,4853.9,0xaaaa000000000000000000000000000000000000000000000000000000000014
11,30.5,405.4,4520.7,4956.6,0xaaaa000000000000000000000000000000000000000000000000000000000015
12,32.9,395.0,4380.5,4808.4,0xaaaa000000000000000000000000000000000000000000000000000000000016
13,28.4,410.3,4500.2,4938.9,0xaaaa000000000000000000000000000000000000000000000000000000000017
14,33.5,425.6,4420.8,4879.9,0xaaaa000000000000000000000000000000000000000000000000000000000018
15,30.2,400.1,4480.6,4910.9,0xaaaa000000000000000000000000000000000000000000000000000000000019
16,31.8,440.4,4350.3,4822.5,0xaaaa00000000000000000000000000000000000000000000000000000000001a
17,34.7,395.7,4500.0,4930.4,0xaaaa00000000000000000000000000000000000000000000000000000000001b
18,29.3,410.5,4420.5,4860.3,0xaaaa00000000000000000000000000000000000000000000000000000000001c
19,32.1,425.0,4480.8,4937.9,0xaaaa00000000000000000000000000000000000000000000000000000000001d
20,30.7,400.5,4380.2,4811.4,0xaaaa00000000000000000000000000000000000000000000000000000000001e
21,33.4,415.3,4520.6,4969.3,0xaaaa00000000000000000000000000000000000000000000000000000000001f
22,30.0,395.8,4400.4,4826.2,0xaaaa000000000000000000000000000000000000000000000000000000000020
23,32.6,420.0,4485.5,4938.1,0xaaaa000000000000000000000000000000000000000000000000000000000021
24,29.5,405.2,4380.7,4815.4,0xaaaa000000000000000000000000000000000000000000000000000000000022
25,31.2,440.7,4500.3,4972.2,0xaaaa000000000000000000000000000000000000000000000000000000000023
26,33.8,395.4,4420.0,4849.2,0xaaaa000000000000000000000000000000000000000000000000000000000024
27,30.4,410.6,4480.5,4921.5,0xaaaa000000000000000000000000000000000000000000000000000000000025
28,32.3,400.8,4350.4,4783.5,0xaaaa000000000000000000000000000000000000000000000000000000000026
29,29.9,415.5,4475.2,4920.6,0xaaaa000000000000000000000000000000000000000000000000000000000027
